{"cameraMode":{"drawMode":0,"name":"Shaded","section":"Shading Mode"},"sceneLighting":true,"audioPlay":false,"sceneViewState":{"m_AlwaysRefresh":false,"showFog":true,"showSkybox":true,"showFlares":true,"showImageEffects":true,"showParticleSystems":true,"showVisualEffectGraphs":true,"m_FxEnabled":true},"in2DMode":false,"pivot":{"x":582.2177124023438,"y":6.014291286468506,"z":689.6890258789063},"rotation":{"x":-0.001076656044460833,"y":-0.6893035173416138,"z":-0.0010443663923069835,"w":0.7244822978973389},"size":35.632789611816409,"orthographic":false}